1.3495197547051527,-0.6957429926930893,0.6604172848412301,1.4978504558057752,-0.4391677378013892,-0.24595926272164928,0.43308807108682246,-0.6205732649759854,-0.6284443601791639,-1.1814198982224464,-1.1206018613258124,1.464531862508131,-0.7234349710974445,0.5916173607235684,-1.480559553619423,-0.12295477521963215,-0.385738303929238,-1.5001515118740778,-1.3492021449618206,0.7802285792299242,-0.194596677348336,-0.12068235417593906,1.8698534333211785,-1.0407606397091376,0.6610380771495145,0.4335098511432526,1.4004709848175796,0.8521711395789187,0.7333474354567495,0.3812507154194638
1.361175775320659,-0.11122485161599292,0.7842935928239512,1.5345395231256462,-1.0555467059990113,0.8472604832755223,-0.1713117743147717,1.535231979422874,-0.8893584947053993,-1.39088096219662,1.004380489300108,-0.61892294839644,1.0477007459587382,-1.2976113722264488,0.36633893749664476,-1.8081705760982154,0.36518165831105825,0.10457326895862382,0.3508850207714968,-0.042227143465759495,1.0414587932202057,0.47468566300911974,0.7017443594831888,-0.8771014098698279,0.2305824908424184,-0.03009733167550885,1.2717339059566692,1.0388031582445023,-0.771280095745671,-0.9717292315622634
-1.2227394852203035,1.1027146333340925,-0.8484933664153888,0.5569311337053378,-1.0039070430963806,-0.0736653385310499,-0.65106476440869,0.6592751903160867,0.4839759526146018,-0.08210148742395401,-1.7736861092105203,0.11632166383733349,1.0601973788002514,2.7293109025160276,1.0125051208096962,0.17648256426563183,0.5361115443340739,0.09994866767203556,-0.6526746476961554,-1.301337280542461,1.842027868630386,-1.6002695021432223,-0.7928602848262739,1.1066870907221127,-0.07720549737460948,-0.6568198696065696,-0.2118471881415885,-1.8311935104947472,0.3409046997462153,0.11380515132415232
-0.21476302166348285,1.1501684475685956,0.9699078319203377,-0.6326861856163644,0.6519327907359161,1.5200806915635585,-2.187721366375126,-0.056965153824201656,0.1672222694275753,-1.605324359473635,-0.3328817063260145,-1.1595542093040854,-0.2708357306480813,0.4942859751420913,0.20132538450759713,-0.5591253474318761,0.2407187299286936,-0.06548317884420377,-0.2566086351626346,-0.009032496122233434,0.6285240023941694,-0.28216080630964446,0.5886341370023322,-0.7276348666452378,1.329257945971056,1.8087760257808179,1.0400896743396262,0.4820071884859392,-0.3204008716904434,0.16701796800935204
0.9550780186934599,-1.1599491429820528,0.9966597664439827,0.022937241073276382,-0.11895655614017969,-1.4283670178603491,1.2659083362918333,0.7157512882511531,-1.6617746931337758,0.00619549191863364,-2.0553545689642196,0.4397922878439419,1.5094967565299517,-0.60576983183458,1.0618682757310407,-0.15601357443482883,-0.4808209705329054,2.279428710571754,-0.048530138184451205,-0.12617223759033663,0.1584013363179284,2.136955406518318,-0.13242482695144112,1.2301493392790352,-0.21660747298286143,0.35719179728237094,-0.13722714284673374,1.0955444545272668,-1.2794278969000497,0.15938952991234603
-1.5615703352053087,0.16902869258708855,2.1408575155480176,-1.149176985892064,-0.9030776593387648,-1.0434612437748345,0.6135696612036332,0.09242802910533261,0.15921994183991015,-0.7240353047241361,-0.18302118199036924,-1.0347656880617366,0.24028850223728235,-0.6213431158803602,-1.7170350662718932,0.7836877553130667,1.3721618378945595,-0.49223154104786354,-0.8877901211347617,-0.34132649447365576,-0.8647123796681538,1.785023656981545,-0.03256109163371531,-0.12118402031057182,-0.5370179079351057,1.3380942256957564,0.7530255799588078,-0.07653454713745217,1.1250619570040017,-1.5798427351696769
0.46758789615036855,-0.21026417459928048,-1.225243302851222,0.4848050438103371,-1.3657005161533535,-1.4578303004927473,-0.7287707732353051,0.07352799439216119,-1.394724320298414,0.06822088970326491,0.4121875244757295,-0.2730577708655632,0.4291585398943496,-0.5338496387234857,-0.9620448763782682,-0.8567013399526758,0.4218571254244223,1.215997103422254,0.44710278463024855,1.0696914044111612,1.5373948597864333,-0.07609313957173687,-0.11298832340809824,-0.807930219678615,1.1903146728530787,1.0829915455685792,-0.12384700800051669,0.712331113780976,0.9896074680190166,-1.1549926091245575
-0.29456384951609665,0.8443305358584383,1.735481225851694,0.4346792720600658,0.7014839977132977,0.5301646799049861,-0.11976904714480426,0.33899418465391123,0.09402358211538607,-0.39505337454048056,0.22318227672493868,0.7465394392261032,-0.7478207000046324,-0.41198063764664267,-2.7592999488113112,-0.6127939426739927,-1.4408139923673,-1.3351539986006793,-1.733482454463055,0.32170128452536184,-0.19154088894107274,-1.3914543991339,0.8978412554300867,-0.5720426393975807,-0.328176743111126,0.6625413726247741,-1.6456981346629205,0.8930581554458237,0.43711275536999855,-1.1746659302145046
-0.677951635513849,0.250281524054291,-0.8478242158108272,0.7460843507332403,0.06319326069495265,0.8715541083870442,-0.2943557077958037,-0.6095500484423078,-0.5952422784230268,-1.985502774548381,-0.5353926453456318,-1.4829051307247483,-0.44952332428691577,0.24222435598484504,0.6064896000518661,0.2647457823003023,-0.36842543746608825,1.509762419271927,-0.2507202154276479,0.3975984091661021,-0.17315452320963884,0.16101960586603953,0.31925050186544524,1.4298454962107765,1.0552967395109072,-1.542481280061728,2.439362890383787,-1.056618813714793,-0.4296976646559572,-0.11253798137429769
1.0182885177185006,1.6888439381939382,-0.20128712348485908,0.936008459464219,0.7738180160061197,0.0386546708646485,-0.613363520385384,1.2418748326299105,-0.28773649205454954,-0.20716028209581905,0.22205198192455142,-0.6468229950494858,-0.5588882630835954,-1.4244820775158633,-2.7633955469039897,-0.32261159043751053,1.3458353249785016,0.49371645564889316,0.3777943495526548,0.9528683501736526,-0.3685403557800031,0.19735143601223,0.9717487564267446,-0.5315413901841557,0.1420643628984876,-0.2896277107096583,0.605431169732899,-1.8073159444215146,-0.01835734807282986,-2.3641917610993883
2.163883073614137,1.0062973604905956,0.7966498858916233,-1.9842976481467929,0.32924060889955564,-0.24456558019512817,-1.7976761540159667,-0.8313789969751935,0.6411045236165853,-1.715030000206808,0.7568382343369342,0.38067448713532487,1.0706022986526766,-0.3167137743249979,-0.5414103551033435,-0.8065724960751484,0.44573596404698196,-0.31157979649632817,0.2318167155162177,0.16604636493767763,-0.5298875158832496,-0.6205741114956029,-1.1815504718127248,1.7685916131151473,0.29676599480803373,-0.8590405975637057,0.07810953076514057,-0.6618819444119993,-0.0969341061449872,0.3323982757720469
1.0702973857087634,0.9601496139405742,0.5127472625178717,-0.4766144903570511,-0.9531315189858846,1.1258646546182154,1.0502699150372738,1.0546129385809773,-0.34092810487782255,-0.8072814713779922,0.5929163909702604,-1.0235675200941186,-0.9156111272513677,-0.13900712086502573,-1.4783446690316289,1.6471650356537917,1.8488482594824525,0.9409191182113381,0.020360764171778307,0.17074612600367325,0.16758697329958844,-0.05032821613693491,-0.6408629931796236,-0.4497748084758832,-0.9252293330191642,-0.8019408717555686,-0.28658306804217504,0.23055518906880096,0.6929542925354698,1.2586553647090064
-0.7738624128518319,-0.013772268123187487,2.1417398828819407,-0.7009939009991681,0.00885185544680444,0.1975531995913537,0.8488460147079386,-0.1498753261015323,-0.05574297429789138,-1.9998364070052779,-0.8172183185505879,0.17101656429190665,1.791081276581486,0.7367846474178128,-0.048991653840820805,0.577978651487641,0.7329101659187126,0.1296182790502032,0.31683597819190507,-0.7507720120764955,1.0509592623439046,-0.6338816803756585,0.38305579804113665,1.0705301720147857,-1.1213630891807058,0.3016385228479622,1.1918824815192632,-0.6330464104178234,-0.44687782491285455,-1.2142457373222426
-0.9911544372464329,0.27368601524334535,0.333150516432413,2.1570412506133656,0.7317715970982549,-0.5580911966092369,0.5651086252827299,-0.4812718920032747,0.3952712567312765,1.0055099725627836,0.7246324402184922,1.3419717595511904,-2.458466387855824,0.8511950596445134,1.1456679011513324,-1.2354941637936656,-0.05470931309686026,-0.14940182755495265,0.3143153721296457,-1.910890513336938,0.27580786377069183,0.7588240988871298,0.9840676767303094,0.09942601429754319,0.6084172779307294,-0.49333812530485655,-1.273728317354558,1.0512915170300883,1.5340301025134233,-0.5279367928512156
-1.3341952221884805,-0.4536049387361676,-0.2533377377113216,1.10461584035199,-1.4072608398977084,-0.16063089264458577,0.6236377502804585,-1.0680579264002272,0.1611797312695398,0.7504277928750205,-0.7684554040788398,0.21292220552950786,-1.1503356142259022,-1.1001185159912386,0.3669396850524716,0.18544357463999564,-0.5604768050112725,0.6203110207174497,-1.8098902474236185,0.11680582966613512,-0.7380897242816715,-0.29165974764970154,1.8068437777304716,0.6030968551283743,0.6214608703393953,-1.4267168756477477,0.4292672483876196,1.0947651775758094,0.45080829291261976,0.18755552722428892
0.7102460401382068,-1.69668025995387,0.008046608885314542,-1.4534912062760241,1.2022990352876415,0.7051292475999933,0.19855412015871451,1.3656089011056456,-1.4190399135760752,1.2895148027927574,0.6254452126358792,0.9929495268770251,-1.361037068268144,-2.1661442130358823,-0.504211201870996,-0.8439872367499976,-1.3808457319060627,0.3737527766201906,-2.208309657834299,0.21329709234062239,-0.6217952871600188,-0.08362712582486015,-0.8783499203956546,-0.3405398177187783,-0.3602060316831266,0.8789041948613499,-0.23408273548816436,-0.531122604575934,-2.1859876402477356,0.34291147337280553
-0.5748863724722673,0.9655479239265198,-0.2567975939560051,-1.384581805574895,1.332015192828326,0.818331854041121,-1.1073496194778136,-1.0355853162134567,0.6393577089900996,0.5147187875539053,0.8906899316203137,0.31162364294396394,0.27715164505860435,0.328422785455405,0.45603388627451696,1.0572510710987497,-0.670297953571148,2.5444292120959315,-1.3981506002230046,-0.8697242512881304,0.3203882801527623,-0.32809623134355653,0.6242420960702288,0.7117782616315046,0.22317121898311945,0.9424399934404651,-0.09369099949502975,-0.7837084972019495,-0.8356377442255252,1.3485368802525408
-1.5061463364447956,1.089164151696342,2.4121679912517076,1.0884259588813257,2.6832868719979412,1.8287313527442266,1.8627957115924814,-0.03160177969845418,0.5999548022739575,1.6410383672164726,2.1036271478602737,0.9350830728282642,-1.789223822727327,-1.1079943200754512,-0.6867579930769905,1.3878404249044265,0.3962559196615693,0.19990536099611844,0.5470375548169991,-0.3294396151833757,-0.2723978015632293,-0.32663880516188964,-1.0905500943064639,0.05710544362774631,1.7637544292101257,-1.455634098234821,-0.6994123831768331,-2.8540259704496234,0.44995227226614143,-0.17977237458265785
0.15455605681972232,-0.8308273378314132,-0.2549133958329218,1.0649506455850377,-0.4680378873561813,-0.5894649597730772,0.06744473420863283,-0.2883572350836305,0.15374772598840689,0.13765795460179908,0.8779936675144977,0.20035995834225176,-0.6612087658988471,0.9763983949400284,0.5852961875212392,0.5045434464108017,0.659128183373128,0.4336205768752295,-0.9273537452182524,-0.7055986541421543,-2.1950234076030526,1.682386378047769,-1.5189893211981582,-0.954397661891606,-0.6275224063005244,1.156705036021403,2.02416949288438,-0.09252969329249748,-0.9705351820047509,-0.711838846715126
0.1837006884255,-0.5171225460093696,0.16144129034599322,-0.9865031500789612,-0.44466393886488415,1.1477768004821816,-0.5305671859723375,-0.12466203261490698,0.7012642151509321,-0.12680177733656595,0.5530643625552992,2.104619142958979,0.08833410465050814,0.12296254907223177,0.3287980454858133,0.4436940308543758,0.2627274502456697,-0.17195240667209694,1.158984481233883,-1.183152686387147,0.6029633907716159,1.3947400785707555,0.04148876810436138,-2.7417569753308815,-0.44993000398459615,0.03637142082853002,0.395341105032102,-0.23399290614516774,-0.5928855064634377,-2.470048972870357
0.5522056427925999,0.9618601917012198,1.2174562655255639,0.8652234626724447,0.18108570118552572,-0.28796812419207973,-0.15437148468972173,-1.121824059946631,0.4283067669094448,0.4421933496190506,-1.2468552482244841,-0.8574245650304857,0.2124246512089597,-0.12463319304457884,0.257602078130697,1.4641401819991942,-0.6965911020042749,0.48605397809435585,0.3139631295412218,0.06651168946354193,-1.2717863466532247,0.5205861581478726,-0.34560344528534703,2.2798089464673446,0.999882597133664,1.4718904482399475,0.08557861702934318,1.0603775047587791,-1.8331152249713378,0.4333136344587136
-0.5470757428083336,-2.374587015768153,0.5651117346490678,0.4793266900666238,1.03117389265768,1.4008762424728691,-1.3864941994216755,1.294874557697301,0.7370718945412577,0.7567547735988013,-0.3318132986019776,-1.2644094699274868,0.6714188514707589,0.3542300001731574,1.4504496593145024,-1.70712703244053,-0.8119846618619841,0.8059068099617047,2.397325256018427,0.00727872857346928,-0.6696282006122732,-0.6497734767816439,0.7572917446917945,0.6272014453000663,-0.8034803136174924,0.7628560933868838,-0.13375076605604871,-0.17898495347601806,1.5276293344058987,-0.016588643410481472
-0.49557822526685874,0.0869620619967496,0.7184008757353547,0.14544829180384358,0.635077894106159,0.6489330289590388,-1.322330508459473,1.1015129524395302,-0.5128845854319729,0.6397881014733534,-1.1278611933914995,1.0079047178457652,-0.4589858922480766,-0.5763943542965743,-0.8233652122668265,-1.1662105283048019,0.130181550845236,1.221849187466921,-0.730148276846478,0.4145809414123999,-0.48663480106684287,-0.36651738599782274,0.3151137519527308,0.30028791734902877,-0.5782872762922352,0.1997418138299872,0.13567560522511388,0.201652800564742,-0.23652387059174848,1.2753296387286979
2.885523495261062,-0.09202653940266418,-0.901269685511599,-0.025995136235156948,-1.0303010726968498,1.0905212061298715,1.686117728303121,0.7114673767549676,-0.28558467754778893,-0.8218581722321081,1.3767151232550157,-1.8157040874722759,-0.6645017295093734,-1.8401699672978329,-0.22669664270373543,-0.727195854425843,-0.7276574459324955,-1.4539850875179159,1.4532784367105844,-0.5017870491808599,0.92275835352617,-0.204334414179536,0.8547897512937899,0.792426749412112,0.7463110862149527,-0.23920679857714464,0.13261303544108996,0.3545163399060964,-1.5296202666980585,-0.49209914463005583
-1.2554814115582023,-0.42429051126440254,-0.33703612756273216,-2.247210481828321,-1.0624442219532242,-0.007208552364086857,-0.03930400500359095,0.34370808988709906,-0.004039545982537744,-0.5405357880855494,-1.1005856752998049,-0.5967625253040787,1.1103941353745856,-1.824787015699235,0.9962771002211261,2.6611153416557625,1.6029247202150025,-2.438277633682958,-1.5272977714492595,0.560792975899331,-0.031066305688842527,1.712954127916712,-0.8528803264339628,0.577321757737037,-1.0197065273640378,-0.8632532875565937,-0.5023920650905036,-1.2511320834407138,0.8461655656502538,-0.05255619581549276
-0.7407681031587947,0.3330920556949507,0.16465873881316648,-0.32648859209696296,0.6958279345599814,-0.6725712759578162,0.6843790983332932,0.14111430163997848,0.3839966101938003,-0.46144227323664827,1.7989398093502773,-0.47838017843212394,-1.116138167756207,-0.8330187302124081,-0.8847481906415301,-0.7830282436930903,-0.5163689140596897,0.5469396085949313,-1.4399901289861365,1.2175458418998553,1.4758463480250705,-0.43629023275675954,0.9845561883392788,-0.45531397467458007,0.4058868377668154,0.7283053514802303,0.05050698132893576,-0.5615352847792131,0.3277128444395711,-0.7561684220071383
0.2723182361800859,2.6856487302899152,0.5467931229502858,0.6622212908327965,0.08608063474872393,-1.4037353338008693,-0.9376976491016161,0.14668048049469334,-0.6738025700048083,-1.2085379407841295,0.4603465617869038,-0.6267417963195252,-0.877577043917748,-0.9188755730836488,1.3348192261760412,1.0261919715117354,0.8111164375341571,-0.5338654916068484,-1.6285230031553053,0.06223190660669897,0.9442002306797848,0.6349665176275302,-0.2198317395266063,0.10924785022233914,-0.06402200763261012,-0.2615499220221756,2.6870200966757025,2.0510131321989125,0.014116361246002119,0.8066453872081677
0.3774464400482182,1.1984311643944798,-1.8877809790530973,-0.11758978382618333,0.07662693207521017,0.9427084487781102,-1.0056641718810286,1.0462187058427384,-0.46115159321172494,-0.7612607997517468,-2.1682830459052234,-1.6593036982023326,-0.007304015972637627,0.06377627618369675,0.23135325150981642,0.2160966406025715,1.88647851460876,0.7395483624012631,0.022008136199038908,-0.0987531519539386,-1.118222572409678,0.675048220566028,0.7629574760992287,1.313911402831838,-0.8193994826798799,-0.17932860271885614,0.7135110153988927,1.9826054340544588,-0.16899122930855315,-1.0257249977537664
-0.5541391721045473,1.259725292746271,0.20135230665003273,1.6736186946145615,0.8759786638431775,0.9144613853624703,-3.0024838164377616,-0.7378083974462929,-0.16283219427393963,-0.02868896532542166,-0.4209822938223332,-0.634640807895268,0.05939559376954848,-0.971928960015689,-0.04078073660053882,0.18927784553076946,0.5985904642182083,-1.6540110330069437,0.39712702582861875,0.1451906986191931,0.874582029239495,-1.6632795848619284,-0.7079649360574518,-0.8946095912997781,-0.2730439703966414,0.8528700635217751,-3.3261018000717675,-0.08485970076243407,0.9834527497802321,0.3999138797730596
1.0277108304390516,0.6764705618779063,0.7085529027789643,1.4071254621036258,-0.5541451596605197,1.233116295717023,1.0551339361042171,-1.6226925999118056,0.5226879251901482,-1.9368005192560422,-1.8518660918688135,0.05817857817127838,-0.9666934809636771,1.246916801522914,0.45007313981025515,1.3261239881573845,-0.4945835314973537,0.8861400700808084,0.8270415470426431,-0.9258262399697211,0.7502958337122363,0.25158010444990064,-0.6398357423577052,-0.06549091269345488,0.4247645250263394,0.38490019677500525,-1.3518059583265158,-0.2011312170681171,-0.09273068597497111,0.3682977823317093
0.8963539245591069,-1.6537227071514573,0.7523391923655298,0.9344620724707131,0.02049257553561122,0.5551233401127617,-0.30643445983374196,-0.2052841894654702,-0.07193209499014698,1.2080850084205688,0.6581193867706326,0.07138267090551972,-1.5585992078855353,-0.7665601154807717,0.4115440270278436,1.095903784813101,0.8995894086574293,-0.31180060591180697,-0.21088335273395076,0.7887041001306131,-0.8701236428010849,-0.22846096960543544,0.7272245860024922,-0.06887981267259992,-0.6604614254131459,2.281156077840411,0.7551472312660201,1.105951268541073,0.12039253887863344,1.4009069169804378
0.04232266689306446,-0.6148520356869701,0.007519578469976559,0.41631851894644156,0.20590136230362593,-1.448026556281327,-1.7202324987534265,0.4836015384087403,-0.676494894205189,0.5394267524053235,-1.7071367882464936,-0.6795990456909938,0.29120771055733335,1.3667113129015926,-0.274121567424371,0.08219097929224022,0.15465240311425602,2.1235931571421442,1.2590455347608016,0.3946798559345142,-1.5845058663457308,0.35226176110976,-0.6645955951314271,-0.7342288850534419,0.4735163852937066,1.2466236152044836,1.4304929541097848,1.3242419021439074,0.5006632303660659,-1.4346206079696613
-1.208812249158846,-0.540732724443969,0.19609817188731124,-1.2697521883744403,0.6920787145728546,-2.641847822357239,0.01658912832624486,-0.6669437722847247,0.6832978363716253,0.9090276902764395,-1.1146676776375395,1.6311576705570103,0.2815672889620369,1.246033293007932,0.23512129823019823,0.931181342177034,0.6231721630780912,-0.683647516028572,1.610076906484488,0.235344250502961,-1.1258117739720512,0.1962482822461545,-0.41543770311366957,-1.0248042095015726,0.12505964826123822,0.07187594178292596,-1.1756232271515568,-1.1314566858600075,-1.1536772224496294,-1.8301699358972752
-1.2856403605528466,-0.182531924798789,0.7765659529002252,-0.07643476753800187,-0.14294518312384083,-0.9188026391885397,-1.4727389915924254,1.0866896854075665,1.4263481871096737,-0.6857223019664666,1.563882675050914,-0.8263947927902009,0.3306525166210219,0.3941728892308453,1.420422992769204,1.0265527398607792,0.18233123553594682,0.6306065605627864,-1.3464802703533776,0.018498958475171603,1.2456845857010714,1.3068206526545247,-0.30899088823084414,-0.40409108849722525,-1.1539950369483245,0.052169447063590065,0.4119978068025558,-0.703444967539876,0.19059586395865813,-0.5609004967281895
-0.36362312767334476,0.7601820820963474,-1.427913475573789,0.10614568602526164,-2.9858849387155075,-0.011603594610757944,-0.35929705259319517,-0.5637847309614351,0.44826151033082273,1.046245399375374,-0.5284502162014649,0.7521062299306458,0.2752879620591247,0.00828758866880561,0.322894796268931,-0.6181530877620259,0.6161415795364618,-1.117191278813972,0.5538899294031389,0.4958648837911904,0.9028510685525826,1.7111967153303114,-0.8945801543569429,0.7563587048442041,-0.7713171515319065,0.5621623079618392,0.8389190850811079,1.5427497304587778,-0.9685198752251187,-1.7674504667543394
-1.3760516162783027,-0.6798806564514459,0.37558272687807837,2.9799384348544424,-0.7393258628986048,-0.6359037154270195,0.09401127061815086,0.23322235702442168,0.42572585364424,-0.4674285169165807,0.5464449557377378,0.06915582099695773,1.0002471265189001,-0.08509614321365182,0.13714445784615314,0.43369687002056856,-0.7735421094071279,-0.3370331865668629,1.0808426262158275,-1.6241707004497528,0.25185434773682636,2.059448200898837,-2.1922151555966503,0.5532058604649025,-2.4525485249552244,1.8029879579507202,-1.5319339029453027,-0.04908711249691256,-0.49480703459567177,0.5717706613290586
0.14410503407526212,0.4754461295408013,0.654319481226393,-0.8696297412994606,-0.542368667309408,0.6294739737517925,-0.42076165415497285,-1.7290906589057202,-0.30447406713447,2.3074842977712233,-0.33085977689039586,-1.037101098669135,-0.7529002578591031,0.6112916381046563,0.6652322424777602,-0.2559865489788627,-0.8397764293311479,-2.1496961880330874,0.22837016237789703,0.6996121142262354,0.5149992912972201,0.46337180059383043,-0.4333547638426709,-0.6631700758422037,-1.8692667856582388,-1.0927105836146278,-1.145182978615482,-0.6418076935771251,-0.8366631145649293,-0.7044649898282834
1.0199430329028452,-0.5129155487285959,-0.10264707743204195,-0.1568416178239308,-0.638805346855199,0.5666950723120329,0.4412589022983294,1.0517161954371803,0.7115103548391862,-0.5351512041694677,1.021440674073251,-1.2653133648376362,-0.9266462822485264,1.279869697355106,-0.9965703597761325,-1.1581931917057622,-0.6647109643410152,-1.4588545865900788,0.6278998432596177,0.36840614956420253,0.12425355688156546,-0.27153910606310766,-0.06805917814223916,0.7322355105105638,-1.9086031290948018,0.33116292999859887,-0.15990226761822976,0.11716906165317029,-0.2596261303053827,-0.2998006590500675
-0.2856982086180542,0.04828576042708604,-0.6083762290598232,-0.8806741978598368,-1.1289366854736884,0.2669451940932664,1.0297325769646435,1.107178758596255,0.1135051123222832,-0.0831298141611283,-0.3286469548552808,-1.6557477640577238,-1.1822504671676752,1.0872338693749313,0.48123332375835437,-0.002537347593666218,0.2219613905625928,-1.2078107787727115,0.175664974055748,0.5686832918582856,-1.5743168618215972,0.6249231226875595,-0.11298471215255868,1.151839063731132,-0.22965242024081958,0.40768165262245354,0.5699170049140009,0.1540667176468572,-1.039022093347471,0.5812437403788124
1.174769342696441,0.30263561860232246,0.3433582436570923,-1.1424485293034463,0.8878319972522306,-0.19880405644687535,-0.9037047540032604,-1.5933677288216,-0.09776674442875476,0.6174717640368227,1.174350089937388,-0.06796776733947679,-0.25502569960200616,1.7647101770246114,-0.08588001112964773,-0.3058944538096215,-0.06439994117680824,0.4470226203052225,-0.27875719510962066,0.4320370855864686,-1.818527499742189,1.033907767863913,-0.7979856274501679,0.2621565352627427,-0.04751966082058126,-0.0648120598505623,-0.29532049611618694,1.7477409233821821,-0.35799114090623607,1.138421567178394
-3.180090919158605,-1.619710566230591,1.0970629049544511,-1.535682505197007,1.4304269723371643,-0.2466020955853687,0.6312521612701768,-0.9334275009887079,-2.1852014738281396,-1.0788323314659283,-0.6596456154087738,-1.8753635030998967,-1.1318193922706161,1.0355277241921044,-0.07367349971414801,-0.5717141117344641,-0.8207680519593711,-1.2860890748787153,-1.354334548843364,1.2643782329108981,-0.05821190191529552,0.35471359745699266,0.16974367105477067,-0.6765337575537281,-0.08956319609156498,2.5204414966689668,-0.22523187680405996,-0.8004381123869333,0.22186530501082086,0.553146180615603
-1.636605656852279,-0.8958475951546608,1.194295648154512,1.0502352789524902,0.864745149927391,0.26369855342054527,-1.451730409268314,-0.958088718157617,-1.4107090024438118,-0.2937587320239777,-2.2992915432104124,0.8521311250679954,-0.5199342661669664,0.6309421826480041,-0.7177226815370804,0.29880781576588034,-0.35315832309424167,1.5980368496721893,-0.048461335031633856,-0.4994492160698939,0.02435319835921425,0.7718883340371727,-0.7347035873971975,1.8367670067021657,-1.7052778070714938,0.6120466332677497,1.1042705932676766,0.8139018141312286,-0.15076821921459882,-0.4171447674211255
0.7585614214774525,1.3843705614949604,0.19162619486574892,0.38929905467934234,-0.7655225240354703,-0.08834863696330696,0.3885309669033522,-0.36805261814405343,0.13088963382788454,-0.5173605971430252,1.4239682900858484,1.1780371066829445,0.46210059842966433,-1.1858658759882474,-0.775274642154039,1.8335403278904616,1.3198872495974046,-0.18188356481962162,0.006211474978695294,2.2542577139112656,1.0028749013287284,0.9286816083193099,0.5082730738814347,-0.4429118351573146,0.004507659023521449,-0.06302948115570658,-0.3827038135186725,0.8264175153834918,1.9790115333591702,-2.074386410502893
1.7067649663711946,0.8360382747768356,-0.34356037848250714,-0.6136766533128721,2.3574411654759593,-0.08677846067502795,0.5125155696889977,1.072980639336248,-1.4186152368113205,0.06844794402043751,-1.481114027066366,1.8313351564234426,-0.9245521805311491,-0.995266430472413,-0.44456636973289676,1.4629347346962813,-0.71277743266,0.2559399624443154,-0.3186206601532228,-0.21043261426693297,0.3502456353392699,0.42115565179016273,0.10775267648878349,-0.3078104661675682,2.187480822296506,1.268243145568894,-0.812346093897729,0.42247880567358076,-0.3830530445531003,1.3949308403784209
0.50287684872647,-0.7069147819915323,-0.8612484396622829,1.4199240973500833,-0.3905867225220408,0.21057066815488276,0.11915242170349732,0.46267306110556705,-2.0766301118541457,1.540042654118111,-0.6985722394548434,0.7582604972631021,-0.6298352509094738,-1.2836737103482845,-0.05395876623494567,-0.748966114587221,1.2759417303939204,-1.6582506312595475,-0.3503687235198377,-0.9942885050359899,0.3493419871571192,-1.394442541105618,-0.8711957299034332,-1.900669281349535,-1.1219981905452334,-0.2420823505643949,2.0855827247963847,-0.09324377796486226,0.9605391639986823,0.07951874838566446
0.8573655497258204,1.4981376109296063,1.221396444763375,2.5408860433576534,-0.10730524347584139,-0.2139553392997955,-0.9320998943874076,-0.4126522862214307,-1.7551879775881936,-2.091390997537263,0.2730147040480415,0.7803534878241272,-0.696806993397153,-0.12005654241252263,-1.3250819623912924,-1.0861861765352236,0.4626324664561067,1.0099559847733104,-1.5487992424174655,-0.37331422597626335,1.6377885414424804,0.3265177650507702,0.66526164159924,3.547636384750617,0.35834165511429467,0.3735525722623466,1.3759252831625994,1.5246521872287504,-1.1457972339199534,0.4446764894445058
1.743016179216008,0.7592258407697372,-1.2658525115021733,0.12735757662523006,0.3108407265556126,2.018663711217111,1.3786567879782858,0.595919386583631,-0.6439958211250673,-0.1515482353525188,0.1624997816981,-1.3779557683781394,0.3524183783664995,1.294052542026356,-0.024554204696675203,0.16412795253004622,0.3714080202610157,0.6374894918304429,-0.27046319108996325,0.5507584857511582,0.5734356641878736,1.9019244542539224,-1.246002877449887,0.38153457484351694,-0.015824327059273762,-0.8699528403254019,-0.15287723590569688,0.5447391958626687,-0.1207580466730675,-0.4620926556789946
-1.3908310182039676,1.3942263895041909,3.9855588879203245,-0.7517110839704253,0.058793735687432444,0.750280023355912,-1.3087543644519575,0.6382004683183341,-0.23560467385553563,-1.3783929182685821,0.38371123156481624,0.37842582402995406,-0.5917933781186239,0.18333861609307664,-0.23025824926432972,-1.7293155083710319,1.175882505066075,-0.07646244864799318,-1.2843858746422756,1.4133749698341358,-1.4039852597335725,0.6807954045905187,-1.8190339159956965,1.7902774955789056,0.16106072972914895,-3.2442952711117177,0.7613043618563179,-0.6749234469962491,-1.1882938058738288,0.7198834207121532
0.007407702036611718,-0.9580177885739682,-1.0472954971910053,1.639623643137321,-1.4218012143873968,-0.0510313853316912,-0.48472166028517477,0.2256134439990488,-1.6532102578798331,2.06700651721625,-0.38514587971575054,0.09290197871225091,-1.2135189644790718,-0.599403915470738,1.4838361523896313,0.1021482668916903,-2.077756555340463,0.5269125982989483,0.8352914055971027,-3.0264248511043133,0.06573432887346142,0.4214023452438127,1.1759847413639124,-0.6569380125442833,0.32959318128446097,0.2819428244361701,0.9678292295277118,0.3920781793581536,-1.7847029328123483,-2.4250753844711608
-1.512873574043528,0.2962513985731463,0.9404015449803469,-0.03895063628773115,0.7288038514022981,0.3388945314949186,1.6523548611854244,-0.4549775131540603,0.6509437661750501,0.9478202254138766,0.22212959679681857,-1.7861254300831457,0.9416254709155057,1.382049741796506,-0.7910728217474506,-1.3063539582311547,-1.3563809857280096,-0.32863732340164714,0.7853205969611803,0.07944971528172386,1.2709275281436085,-0.002172132956798347,0.2562127285009026,-1.8074550441493618,-0.7389107248250074,0.004429630515704986,0.36291708975569337,1.3211281387764464,-0.6461444916825971,-1.5539298749605466
